"","date","CULV10A_AMMONIA-N_mg/L","days"
"1",1982-05-04,0.04,4
"2",1982-06-01,0.11,32
"3",1982-07-01,0.05,62
"4",1982-07-12,0.05,73
"5",1982-07-27,0.3,88
"6",1983-04-15,NA,350
"7",1986-01-14,0.73,1355
"8",1987-04-23,NA,1819
"9",1987-04-29,NA,1825
"10",1987-05-04,NA,1830
"11",1987-06-24,NA,1881
"12",1987-07-21,NA,1908
"13",1987-08-18,NA,1936
"14",1987-09-01,NA,1950
"15",1987-09-29,NA,1978
"16",1987-10-13,0.25,1992
"17",1987-12-08,0.16,2048
"18",1988-02-16,0.13,2118
"19",1988-03-29,NA,2160
"20",1988-04-26,0.01,2188
"21",1988-05-10,NA,2202
"22",1988-05-24,NA,2216
"23",1988-06-07,NA,2230
"24",1988-08-30,0.24,2314
"25",1988-09-27,NA,2342
"26",1988-10-11,NA,2356
"27",1988-11-22,NA,2398
"28",1988-12-06,NA,2412
"29",1989-02-28,NA,2496
"30",1989-03-15,NA,2511
"31",1989-04-11,0.1,2538
"32",1989-06-21,0.07,2609
"33",1989-07-19,0.12,2637
"34",1990-08-28,0.05,3042
"35",1990-09-12,0.15,3057
"36",1990-09-25,0.22,3070
"37",1990-10-31,0.14,3106
"38",1990-11-06,0.06,3112
"39",1990-11-20,0.07,3126
"40",1990-12-19,0.03,3155
"41",1991-01-17,0.58,3184
"42",1991-01-30,0.05,3197
"43",1991-02-27,0.17,3225
"44",1991-03-25,0.04,3251
"45",1991-04-09,0.87,3266
"46",1991-04-25,0.05,3282
"47",1991-05-07,NA,3294
"48",1991-05-22,0.25,3309
"49",1991-06-04,NA,3322
"50",1991-07-02,0.19,3350
"51",1991-07-16,0.02,3364
"52",1991-07-29,0.02,3377
"53",1991-08-13,0.01,3392
"54",1991-08-28,0.07,3407
"55",1991-09-25,0.03,3435
"56",1991-10-23,0.02,3463
"57",1991-11-06,0.01,3477
"58",1991-11-20,0.05,3491
"59",1991-12-31,NA,3532
"60",1992-01-29,0.02,3561
"61",1992-02-27,NA,3590
"62",1992-03-25,NA,3617
"63",1992-04-21,NA,3644
"64",1992-05-18,0.04,3671
"65",1992-06-01,NA,3685
"66",1992-06-29,0.84,3713
"67",1992-07-27,0.12,3741
"68",1992-08-10,0.89,3755
"69",1992-08-31,0.21,3776
"70",1992-09-09,0.04,3785
"71",1992-09-22,0.33,3798
"72",1992-10-20,0.015,3826
"73",1992-11-16,0.62,3853
"74",1992-12-16,0.01,3883
"75",1993-02-24,0.02,3953
"76",1993-03-25,0.53,3982
"77",1993-04-21,NA,4009
"78",1993-05-19,NA,4037
"79",1993-06-01,0.35,4050
"80",1993-06-16,NA,4065
"81",1993-06-26,0.07,4075
"82",1993-06-30,NA,4079
"83",1993-08-25,0.06,4135
"84",1993-09-07,0.225,4148
"85",1993-09-22,0.35,4163
"86",1993-10-19,0.11,4190
"87",1993-11-18,NA,4220
"88",1993-12-15,0.02,4247
"89",1994-01-20,NA,4283
"90",1994-02-15,NA,4309
"91",1994-03-28,0.02,4350
"92",1994-04-26,0.026,4379
"93",1994-05-18,0.1,4401
"94",1994-07-20,NA,4464
"95",1994-08-03,NA,4478
"96",1994-08-15,0.326,4490
"97",1994-08-29,0.217,4504
"98",1994-09-12,0.573,4518
"99",1994-09-28,4.92,4534
"100",1994-10-10,0.047,4546
"101",1994-11-07,0.07,4574
"102",1994-11-21,0.345,4588
"103",1994-12-05,0.04,4602
"104",1995-01-03,NA,4631
"105",1995-01-31,0.027,4659
"106",1995-02-13,NA,4672
"107",1995-02-27,0.01,4686
"108",1995-03-13,0.012,4700
"109",1995-03-28,NA,4715
"110",1995-04-24,0.014,4742
"111",1995-05-08,0.04,4756
"112",1995-05-22,0.016,4770
"113",1995-06-19,NA,4798
"114",1995-07-17,0.492,4826
"115",1995-08-14,0.421,4854
"116",1995-08-29,1.187,4869
"117",1995-09-11,0.169,4882
"118",1995-09-26,0.118,4897
"119",1995-10-09,0.393,4910
"120",1995-10-24,0.524,4925
"121",1995-11-06,0.098,4938
"122",1995-12-04,0.035,4966
"123",1995-12-19,0.062,4981
"124",1996-01-02,0.024,4995
"125",1996-01-29,0.043,5022
"126",1996-02-26,0.076,5050
"127",1996-03-25,0.039,5078
"128",1996-04-22,0.082,5106
"129",1996-05-06,0.075,5120
"130",1996-05-20,0.044,5134
"131",1996-06-19,NA,5164
"132",1996-07-15,0.078,5190
"133",1996-07-30,0.068,5205
"134",1996-08-14,0.0478,5220
"135",1996-09-09,0.021,5246
"136",1996-10-07,0.094,5274
"137",1996-11-04,0.137,5302
"138",1996-12-02,0.022,5330
"139",1996-12-30,0.022,5358
"140",1997-02-24,0.044,5414
"141",1997-03-10,0.016,5428
"142",1997-04-21,0.045,5470
"143",1997-05-19,0.074,5498
"144",1997-06-16,0.55,5526
"145",1997-07-14,0.091,5554
"146",1997-07-28,0.069,5568
"147",1997-08-11,0.063,5582
"148",1997-08-25,0.123,5596
"149",1997-09-22,0.083,5624
"150",1997-10-20,0.072,5652
"151",1997-11-17,0.054,5680
"152",1997-12-22,0.271,5715
"153",1998-01-20,0.043,5744
"154",1998-02-17,0.088,5772
"155",1998-03-16,0.033,5799
"156",1998-04-20,0.042,5834
"157",1998-05-18,0.029,5862
"158",1998-06-15,0.16,5890
"159",1998-07-27,0.028,5932
"160",1998-08-24,0.025,5960
"161",1998-09-21,0.438,5988
"162",1998-10-19,0.088,6016
"163",1998-11-16,0.21,6044
"164",1998-12-28,0.012,6086
"165",1999-01-25,0.05,6114
"166",1999-02-22,0.051,6142
"167",1999-04-19,0.014,6198
"168",1999-05-03,0.042,6212
"169",1999-05-17,0.023,6226
"170",1999-06-07,0.012,6247
"171",1999-06-21,0.417,6261
"172",1999-07-26,0.111,6296
"173",1999-08-23,0.5,6324
"174",1999-09-07,0.197,6339
"175",1999-09-20,0.104,6352
"176",1999-10-04,0.032,6366
"177",1999-10-18,0.35,6380
"178",1999-11-15,0.084,6408
"179",1999-12-13,0.024,6436
"180",1999-12-27,0.02,6450
"181",2000-01-10,NA,6464
"182",2000-01-24,0.01,6478
"183",2000-02-22,NA,6507
"184",2000-03-20,0.016,6534
"185",2000-04-17,0.802,6562
"186",2000-05-01,0.017,6576
"187",2000-05-15,0.034,6590
"188",2000-06-12,0.097,6618
"189",2000-06-26,0.559,6632
"190",2000-07-10,2.221,6646
"191",2000-07-24,0.353,6660
"192",2000-08-07,0.742,6674
"193",2000-08-21,0.167,6688
"194",2000-09-05,0.218,6703
"195",2000-09-18,1.825,6716
"196",2000-10-02,0.33875,6730
"197",2000-10-16,0.47,6744
"198",2000-10-30,0.052,6758
"199",2000-11-13,0.198,6772
"200",2000-12-18,0.064,6807
"201",2001-01-08,0.048,6828
"202",2001-01-22,0.206,6842
"203",2001-02-05,0.044,6856
"204",2001-03-05,1.135,6884
"205",2001-03-19,0.143,6898
"206",2001-04-16,0.07,6926
"207",2001-05-14,NA,6954
"208",2001-06-18,0.061,6989
"209",2001-07-02,0.05,7003
"210",2001-07-05,0.0595,7006
"211",2001-07-09,0.041,7010
"212",2001-07-16,0.084,7017
"213",2001-07-30,0.083,7031
"214",2001-08-07,0.415,7039
"215",2001-08-13,0.178,7045
"216",2001-08-21,0.217,7053
"217",2001-08-27,0.171,7059
"218",2001-09-04,0.159,7067
"219",2001-09-10,0.202,7073
"220",2001-09-18,0.072,7081
"221",2001-09-24,0.203,7087
"222",2001-10-02,0.384,7095
"223",2001-10-08,0.072,7101
"224",2001-10-16,0.0915,7109
"225",2001-11-05,0.42,7129
"226",2001-11-19,0.1,7143
"227",2001-12-17,0.049,7171
"228",2002-01-07,0.01,7192
"229",2002-01-22,0.03,7207
"230",2002-02-04,0.02,7220
"231",2002-02-19,0.011,7235
"232",2002-03-04,NA,7248
"233",2002-03-18,0.021,7262
"234",2002-04-01,NA,7276
"235",2002-04-15,0.04,7290
"236",2002-04-29,NA,7304
"237",2002-05-13,NA,7318
"238",2002-05-28,0.043,7333
"239",2002-06-10,0.055,7346
"240",2002-06-24,0.614,7360
"241",2002-07-08,0.13,7374
"242",2002-07-22,0.104,7388
"243",2002-08-05,0.025,7402
"244",2002-08-19,0.014,7416
"245",2002-09-03,NA,7431
"246",2002-09-16,0.028,7444
"247",2002-09-30,0.021,7458
"248",2002-10-14,0.017,7472
"249",2002-10-28,0.018,7486
"250",2002-11-12,NA,7501
"251",2002-11-25,0,7514
"252",2002-12-09,NA,7528
"253",2002-12-30,0.023,7549
"254",2003-01-13,NA,7563
"255",2003-01-27,NA,7577
"256",2003-02-10,0.009,7591
"257",2003-02-24,0.056,7605
"258",2003-03-10,NA,7619
"259",2003-03-24,NA,7633
"260",2003-04-07,0.011,7647
"261",2003-04-21,0.011,7661
"262",2003-05-05,0.012,7675
"263",2003-05-19,0.064,7689
"264",2003-06-02,0.02,7703
"265",2003-06-16,0.009,7717
"266",2003-07-08,0.023,7739
"267",2003-07-21,NA,7752
"268",2003-08-04,0.373,7766
"269",2003-08-18,0.082,7780
"270",2003-09-02,0.026,7795
"271",2003-09-15,0.02,7808
"272",2003-10-06,0.0825,7829
"273",2003-10-20,NA,7843
"274",2003-11-03,NA,7857
"275",2003-11-17,NA,7871
"276",2003-12-01,0.015,7885
"277",2003-12-15,NA,7899
"278",2004-01-05,0.011,7920
"279",2004-01-20,NA,7935
"280",2004-02-02,0.01,7948
"281",2004-02-17,0.01,7963
"282",2004-03-01,NA,7976
"283",2004-03-15,0.01,7990
"284",2004-04-05,NA,8011
"285",2004-04-19,NA,8025
"286",2004-05-03,0.055,8039
"287",2004-05-17,0.04,8053
"288",2004-06-07,0.009,8074
"289",2004-06-21,0.017,8088
"290",2004-07-12,0.039,8109
"291",2004-07-26,0.031,8123
"292",2004-08-09,0.19,8137
"293",2004-08-23,0.3,8151
"294",2004-09-13,0.117,8172
"295",2004-10-04,0.346,8193
"296",2004-10-11,NA,8200
"297",2004-10-18,0.455,8207
"298",2004-11-01,NA,8221
"299",2004-11-15,NA,8235
"300",2004-12-06,NA,8256
"301",2004-12-20,0.03,8270
"302",2005-01-03,0.023,8284
"303",2005-01-18,0.01,8299
"304",2005-01-31,NA,8312
"305",2005-02-14,NA,8326
"306",2005-02-28,NA,8340
"307",2005-03-14,NA,8354
"308",2005-04-04,NA,8375
"309",2005-04-18,NA,8389
"310",2005-05-02,NA,8403
"311",2005-05-16,0.013,8417
"312",2005-06-13,0.149,8445
"313",2005-06-27,0.014,8459
"314",2005-07-11,0.01,8473
"315",2005-07-20,NA,8482
"316",2005-07-25,0.016,8487
"317",2005-08-08,NA,8501
"318",2005-08-22,0.043,8515
"319",2005-09-06,0.019,8530
"320",2005-09-20,0.01,8544
"321",2005-10-03,NA,8557
"322",2005-10-17,0.259,8571
"323",2005-11-01,0.649,8586
"324",2005-11-14,0,8599
"325",2005-12-05,NA,8620
"326",2005-12-19,NA,8634
"327",2006-01-09,NA,8655
"328",2006-01-23,NA,8669
"329",2006-02-06,0.797,8683
"330",2006-02-21,NA,8698
"331",2006-03-06,NA,8711
"332",2006-03-20,NA,8725
"333",2006-04-03,NA,8739
"334",2006-04-17,NA,8753
"335",2006-05-08,0.0025,8774
"336",2006-05-22,NA,8788
"337",2006-06-05,0.012,8802
"338",2006-06-19,0.023,8816
"339",2006-07-05,0.173,8832
"340",2006-07-17,0.994,8844
"341",2006-08-07,0.237,8865
"342",2006-08-21,0.2815,8879
"343",2006-09-11,0.169,8900
"344",2006-09-25,0.121,8914
"345",2006-10-09,0.145,8928
"346",2006-10-23,0.103,8942
"347",2006-11-14,0.089,8964
"348",2006-11-27,0.048,8977
"349",2006-12-04,0.053,8984
"350",2006-12-18,0.12,8998
"351",2007-01-08,0.039,9019
"352",2007-01-22,0.056,9033
"353",2007-02-12,0.048,9054
"354",2007-02-26,0.051,9068
"355",2007-03-12,0.071,9082
"356",2007-03-26,0.083,9096
"357",2007-04-09,0.077,9110
"358",2007-04-23,0.044,9124
"359",2007-05-07,0.062,9138
"360",2007-05-21,0.0754,9152
"361",2007-07-09,0.121,9201
"362",2007-07-17,0.192,9209
"363",2007-07-23,0.15,9215
"364",2007-07-31,0.126,9223
"365",2007-08-06,0.114,9229
"366",2007-08-14,0.118,9237
"367",2007-08-20,0.098,9243
"368",2007-08-28,0.445,9251
"369",2007-09-04,0.187,9258
"370",2007-09-10,0.156,9264
"371",2007-09-18,0.0995,9272
"372",2007-09-24,0.206,9278
"373",2007-10-02,0.262,9286
"374",2007-10-08,0.222,9292
"375",2007-10-22,0.285,9306
"376",2007-11-13,0.053,9328
"377",2007-11-26,0.191,9341
"378",2007-12-05,0.119,9350
"379",2007-12-19,0.185,9364
"380",2008-01-02,0.132,9378
"381",2008-01-16,0.144,9392
"382",2008-02-06,0.116,9413
"383",2008-02-20,0.054,9427
"384",2008-03-05,0.04,9441
"385",2008-03-19,0.031,9455
"386",2008-04-02,0.048,9469
"387",2008-04-16,0.104,9483
"388",2008-05-28,0.157,9525
"389",2008-06-11,0.07,9539
"390",2008-06-25,0.096,9553
"391",2008-07-16,0.183,9574
"392",2008-07-30,0.16,9588
"393",2008-08-13,0.064,9602
"394",2008-08-28,0.425,9617
"395",2008-09-10,0.611,9630
"396",2008-09-24,NA,9644
"397",2008-10-08,0.07,9658
"398",2008-10-22,0.006,9672
"399",2008-11-05,0.011,9686
"400",2008-11-19,0.011,9700
"401",2008-12-03,0.012,9714
"402",2008-12-17,0.01,9728
"403",2009-01-07,0.019,9749
"404",2009-01-21,0.008,9763
"405",2009-02-04,0.007,9777
"406",2009-02-18,0.041,9791
"407",2009-03-11,0.014,9812
"408",2009-03-25,0.026,9826
"409",2009-04-08,0.014,9840
"410",2009-04-22,0.033,9854
"411",2009-05-06,0.065,9868
"412",2009-05-20,0.069,9882
"413",2009-06-03,0.398,9896
"414",2009-06-17,0.1,9910
"415",2009-07-08,0.1615,9931
"416",2009-07-22,0.06,9945
"417",2009-08-12,0.038,9966
"418",2009-08-26,0.089,9980
"419",2009-09-09,0.033,9994
"420",2009-09-23,0.021,10008
"421",2009-10-14,0.049,10029
"422",2009-10-28,0.044,10043
"423",2009-11-04,0.029,10050
"424",2009-11-18,0.011,10064
"425",2009-12-09,0.025,10085
"426",2009-12-23,0.019,10099
"427",2010-01-13,0.024,10120
"428",2010-01-27,0.016,10134
"429",2010-02-10,0.019,10148
"430",2010-02-24,0.018,10162
"431",2010-03-03,0.028,10169
"432",2010-03-17,0.419,10183
"433",2010-04-07,0.035,10204
"434",2010-04-21,0.019,10218
"435",2010-05-12,0.023,10239
"436",2010-05-26,0.017,10253
"437",2010-06-16,0.031,10274
"438",2010-06-30,0.021,10288
"439",2010-07-14,0.051,10302
"440",2010-07-28,0.013,10316
"441",2010-08-04,0.037,10323
"442",2010-08-18,0.021,10337
"443",2010-09-15,0.068,10365
"444",2010-09-29,0.292,10379
"445",2010-10-13,0.043,10393
"446",2010-10-27,0.058,10407
"447",2010-11-03,0.104,10414
"448",2010-11-17,0.025,10428
"449",2010-12-01,0.014,10442
"450",2010-12-13,0.048,10454
"451",2011-01-05,0.016,10477
"452",2011-01-20,0.013,10492
"453",2011-02-03,0.01,10506
"454",2011-02-17,0.022,10520
"455",2011-03-02,0.032,10533
"456",2011-03-16,0.014,10547
"457",2011-04-06,0.022,10568
"458",2011-04-20,0.048,10582
"459",2011-05-04,0.017,10596
"460",2011-05-18,0.028,10610
"461",2011-06-08,0.04,10631
"462",2011-06-22,0.052,10645
"463",2011-07-06,0.583,10659
"464",2011-07-20,0.106,10673
"465",2011-08-10,0.279,10694
"466",2011-08-24,0.405,10708
"467",2011-09-07,0.259,10722
"468",2011-09-21,0.262,10736
"469",2011-10-05,0.258,10750
"470",2011-10-19,0.652,10764
"471",2011-11-02,0.265,10778
"472",2011-11-16,0.074,10792
"473",2011-12-07,0.01,10813
"474",2011-12-21,0.011,10827
"475",2012-01-04,0.013,10841
"476",2012-01-18,0.008,10855
"477",2012-02-08,0.014,10876
"478",2012-02-22,0.03,10890
"479",2012-03-07,0.014,10904
"480",2012-03-21,0.02,10918
"481",2012-04-04,0.018,10932
"482",2012-04-18,0.02,10946
"483",2012-05-02,0.088,10960
"484",2012-05-16,0.094,10974
"485",2012-06-06,0.066,10995
"486",2012-06-20,0.055,11009
"487",2012-07-11,0.079,11030
"488",2012-07-25,0.085,11044
"489",2012-08-08,0.081,11058
"490",2012-08-22,0.1,11072
"491",2012-09-05,0.282,11086
"492",2012-09-20,0.738,11101
"493",2012-10-03,0.015,11114
"494",2012-10-17,0.008,11128
"495",2012-11-14,0.011,11156
"496",2012-11-28,0.011,11170
"497",2012-12-05,0.016,11177
"498",2012-12-19,0.032,11191
"499",2013-01-09,0.011,11212
"500",2013-01-23,0.017,11226
"501",2013-02-06,0.008,11240
"502",2013-02-21,0.017,11255
"503",2013-03-06,0.014,11268
"504",2013-03-20,0.016,11282
"505",2013-04-03,0.013,11296
"506",2013-04-17,0.023,11310
"507",2013-05-08,0.015,11331
"508",2013-05-22,0.388,11345
"509",2013-06-05,0.397,11359
"510",2013-06-19,0.201,11373
"511",2013-07-10,0.713,11394
"512",2013-07-24,0.275,11408
"513",2013-08-07,0.033,11422
"514",2013-08-21,0.034,11436
"515",2013-09-04,0.025,11450
"516",2013-09-18,0.029,11464
"517",2013-10-07,0.015,11483
"518",2013-10-21,0.018,11497
"519",2013-11-04,0.009,11511
"520",2013-11-18,0.017,11525
"521",2013-12-02,0.014,11539
"522",2013-12-16,0.014,11553
"523",2014-01-06,0.011,11574
"524",2014-01-21,0.008,11589
"525",2014-02-03,0.013,11602
"526",2014-02-17,0.017,11616
"527",2014-03-03,0.024,11630
"528",2014-03-17,0.011,11644
"529",2014-04-07,0.032,11665
"530",2014-04-21,0.017,11679
"531",2014-05-05,0.034,11693
"532",2014-05-19,0.027,11707
"533",2014-06-09,0.026,11728
"534",2014-06-23,0.245,11742
"535",2014-07-07,0.15,11756
"536",2014-07-21,0.022,11770
"537",2014-08-04,0.02,11784
"538",2014-08-18,0.007,11798
"539",2014-09-08,0.021,11819
"540",2014-09-22,0.039,11833
"541",2014-10-06,0.041,11847
"542",2014-10-20,0.013,11861
"543",2014-11-03,0.013,11875
"544",2014-11-17,0.018,11889
"545",2014-12-01,0.01,11903
"546",2014-12-15,0.02,11917
"547",2015-01-05,0.019,11938
"548",2015-01-20,0.013,11953
"549",2015-02-16,0.009,11980
"550",2015-03-02,0.019,11994
"551",2015-03-16,0.031,12008
"552",2015-04-06,0.02,12029
"553",2015-04-20,0.023,12043
"554",2015-05-04,0.024,12057
"555",2015-05-18,0.042,12071
"556",2015-06-01,0.081,12085
"557",2015-06-15,0.053,12099
"558",2015-07-06,0.106,12120
"559",2015-07-20,0.104,12134
"560",2015-08-03,0.081,12148
"561",2015-08-17,0.063,12162
"562",2015-08-31,1.346,12176
"563",2015-09-14,0.017,12190
"564",2015-09-28,0.076,12204
"565",2015-10-12,0.034,12218
"566",2015-10-26,0.023,12232
"567",2015-11-09,0.029,12246
"568",2015-11-23,0.008,12260
"569",2015-12-07,0.026,12274
"570",2015-12-21,0.02,12288
"571",2016-01-04,0.017,12302
"572",2016-01-20,0.013,12318
"573",2016-02-01,0.898,12330
"574",2016-02-15,0.031,12344
"575",2016-02-29,0.035,12358
"576",2016-03-14,0.02,12372
"577",2016-03-28,0.016,12386
"578",2016-04-11,0.033,12400
"579",2016-04-25,0.016,12414
"580",2016-05-09,0.022,12428
"581",2016-05-23,0.014,12442
"582",2016-06-06,0.068,12456
"583",2016-06-20,0.023,12470
"584",2016-07-06,0.022,12486
"585",2016-07-18,0.1,12498
"586",2016-08-01,0.05,12512
"587",2016-08-15,0.057,12526
"588",2016-08-29,0.364,12540
"589",2016-09-12,0.075,12554
"590",2016-09-26,0.09,12568
"591",2016-10-10,0.68,12582
"592",2016-10-24,0.099,12596
"593",2016-11-07,0.074,12610
"594",2016-11-21,0.063,12624
"595",2016-12-05,0.02,12638
"596",2016-12-19,0.05,12652
"597",2017-01-04,0.059,12668
"598",2017-01-17,0.011,12681
"599",2017-01-30,0.066,12694
"600",2017-02-13,0.01,12708
"601",2017-02-27,0.077,12722
"602",2017-03-14,0.016,12737
"603",2017-03-27,0.021,12750
"604",2017-04-10,0.038,12764
"605",2017-04-24,0.103,12778
"606",2017-05-08,0.044,12792
"607",2017-05-22,0.093,12806
"608",2017-06-05,0.098,12820
"609",2017-06-19,0.33,12834
"610",2017-07-05,0.176,12850
"611",2017-07-17,0.13,12862
"612",2017-08-01,0.218,12877
"613",2017-08-14,0.018,12890
"614",2017-08-28,0.201,12904
"615",2017-09-13,0.094,12920
"616",2017-09-25,0.223,12932
"617",2017-10-09,0.39,12946
"618",2017-10-23,0.077,12960
"619",2018-04-09,0.034,13128
"620",2018-05-07,0.074,13156
"621",2018-06-04,0.078,13184
"622",2018-06-18,0.124,13198
"623",2018-07-02,0.027,13212
"624",2018-07-16,0.287,13226
"625",2018-07-30,0.082,13240
"626",2018-08-27,0.25,13268
"627",2018-09-10,1.802,13282
"628",2018-09-24,0.952,13296
"629",2018-10-08,0.114,13310
"630",2018-10-22,0.022,13324
"631",2018-11-05,0.161,13338
"632",2018-11-19,0.046,13352
"633",2018-12-03,0.029,13366
"634",2018-12-17,0.072,13380
"635",2019-01-02,0.129,13396
"636",2019-01-14,0.092,13408
"637",2019-01-28,0.231,13422
"638",2019-02-11,0.066,13436
"639",2019-02-25,0.09,13450
"640",2019-03-11,0.04,13464
"641",2019-03-25,0.172,13478
"642",2019-04-08,0.099,13492
"643",2019-04-22,0.19,13506
"644",2019-05-06,0.256,13520
"645",2019-05-20,0.475,13534
"646",2019-06-03,0.057,13548
"647",2019-06-17,0.257,13562
"648",2019-07-01,0.277,13576
"649",2019-07-15,0.197,13590
"650",2019-07-29,0.167,13604
"651",2019-08-12,0.176,13618
"652",2019-08-26,0.157,13632
"653",2019-09-09,0.76,13646
"654",2019-09-23,0.121,13660
"655",2019-10-07,0.029,13674
"656",2019-10-21,0.081,13688
"657",2019-11-04,0.044,13702
"658",2019-11-18,0.035,13716
"659",2019-12-02,0.05,13730
"660",2019-12-16,0.334,13744
"661",2020-01-13,0.016,13772
"662",2020-01-27,0.065,13786
"663",2020-02-10,0.008,13800
"664",2020-02-24,0.012,13814
"665",2020-03-09,0.011,13828
"666",2020-03-23,0.009,13842
"667",2020-04-06,0.013,13856
"668",2020-04-20,0.014,13870
"669",2020-05-04,0.013,13884
"670",2020-05-18,0.044,13898
"671",2020-06-01,0.051,13912
"672",2020-06-15,0.211,13926
"673",2020-06-29,0.016,13940
"674",2020-07-13,0.185,13954
"675",2020-09-08,0.415,14011
"676",2020-09-21,0.017,14024
"677",2020-10-05,0.459,14038
"678",2021-01-06,0.072,14131
"679",2021-03-22,0.014,14206
"680",2021-04-05,0.011,14220
"681",2021-04-19,0.009,14234
"682",2021-05-03,0.017,14248
"683",2021-05-17,0.402,14262
"684",2021-06-01,0.057,14277
"685",2021-06-14,0.019,14290
"686",2021-06-28,0.021,14304
"687",2021-07-12,0.026,14318
"688",2021-07-26,0.139,14332
"689",2021-08-09,0.231,14346
"690",2021-08-23,0.027,14360
"691",2021-09-20,0.284,14388
"692",2021-10-18,0.089,14416
"693",2021-11-01,0.517,14430
"694",2022-01-10,0.022,14500
"695",2022-01-24,0.008,14514
"696",2022-02-07,0.023,14528
"697",2022-02-21,0.014,14542
"698",2022-03-07,0.014,14556
"699",2022-03-21,0.01,14570
"700",2022-04-04,0.024,14584
"701",2022-04-18,0.038,14598
"702",2022-05-02,0.041,14612
"703",2022-05-16,0.007,14626
"704",2022-05-19,0.028,14629
"705",2022-05-23,0.068,14633
"706",2022-05-31,0.036,14641
"707",2022-06-13,0.047,14654
"708",2022-06-15,0.018,14656
"709",2022-06-16,0.027,14657
"710",2022-06-27,0.046,14668
"711",2022-07-11,NA,14682
"712",2022-07-25,0.096,14696
"713",2022-08-08,0.041,14710
"714",2022-08-22,0.13,14724
"715",2022-09-06,0.113,14739
"716",2022-09-19,0.232,14752
"717",2022-10-03,0.238,14766
"718",2022-10-17,0.184,14780
"719",2022-10-31,0.333,14794
"720",2022-11-14,0.725,14808
"721",2022-11-28,0.241,14822
"722",2022-12-12,0.011,14836
"723",2022-12-27,0.026,14851
"724",2023-01-09,0.137,14864
"725",2023-01-23,0.012,14878
"726",2023-02-06,0.019,14892
"727",2023-02-20,0.007,14906
"728",2023-03-06,0.005,14920
"729",2023-03-20,0.011,14934
"730",2023-04-03,0.034,14948
"731",2023-04-17,0.011,14962
"732",2023-05-01,0.013,14976
