"Date","CULV10A_AMMONIA-N_mg/L","L8.441_FLOW_cfs"
"2000-01-24",0.01,907679.52765504
"2000-03-20",0.016,565158.95118144
"2000-04-17",0.802,-971290.49185728
"2000-05-01",0.017,411024.69176832
"2000-05-15",0.034,408578.11622208
"2000-06-12",0.097,181046.59042176
"2000-06-26",0.559,-445276.74941568
"2000-07-10",2.221,-188386.31706048
"2000-07-24",0.353,-247104.13017024
"2000-08-07",0.742,-291142.49000256
"2000-08-21",0.167,-557819.22454272
"2000-09-05",0.218,-366986.331936
"2000-09-18",1.825,-322947.97210368
"2000-10-02",0.33875,-137008.23058944
"2000-10-16",0.47,-1321150.7949696
"2000-10-30",0.052,-1316257.64387712
"2000-11-13",0.198,-146794.5327744
"2000-12-18",0.064,-176153.43932928
"2001-01-08",0.048,51378.08647104
"2001-01-22",0.206,41591.78428608
"2001-02-05",0.044,-24465.7554624
"2001-03-05",1.135,225084.95025408
"2001-03-19",0.143,-31805.48210112
"2001-04-16",0.07,-17370.686378304
"2001-07-16",0.084,-628769.91538368
"2001-07-30",0.083,-1301578.19059968
"2001-08-07",0.415,-1945027.5592608
"2001-08-13",0.178,-1678350.82472064
"2001-08-21",0.217,-1465498.75219776
"2001-08-27",0.171,-1242860.37748992
"2001-09-04",0.159,-1091172.69362304
"2001-09-10",0.202,-1516876.8386688
"2001-09-18",0.072,-1825145.35749504
"2001-09-24",0.203,-1096065.84471552
"2001-10-02",0.384,-1269772.70849856
"2001-10-08",0.072,-344967.15201984
"2001-10-16",0.0915,-503994.56252544
"2001-11-05",0.42,-1536449.44303872
"2001-11-19",0.1,14679.45327744
"2001-12-17",0.049,-26912.33100864
"2002-01-07",0.01,90523.29521088
"2002-01-22",0.03,-6605.753974848
"2002-02-04",0.02,154134.25941312
"2002-02-19",0.011,-234871.25243904
"2002-03-18",0.021,-508887.71361792
"2002-04-15",0.04,-39145.20873984
"2002-05-28",0.043,249550.70571648
"2002-06-10",0.055,-51378.08647104
"2002-06-24",0.614,-1448372.72337408
"2002-07-08",0.13,-650789.09529984
"2002-07-22",0.104,-313161.66991872
"2002-08-05",0.025,357200.02975104
"2002-08-19",0.014,119882.20176576
"2002-09-16",0.028,489315.109248
"2002-09-30",0.021,477082.2315168
"2002-10-14",0.017,675254.85076224
"2002-10-28",0.018,374326.05857472
"2002-12-30",0.023,677701.42630848
"2003-02-10",0.009,1083832.96698432
"2003-02-24",0.056,496654.83588672
"2003-04-07",0.011,905232.9521088
"2003-04-21",0.011,998202.82286592
"2003-05-05",0.012,802476.77916672
"2003-05-19",0.064,751098.69269568
"2003-06-02",0.02,445276.74941568
"2003-06-16",0.009,711953.48395584
"2003-07-08",0.023,474635.65597056
"2003-08-04",0.373,-736419.23941824
"2003-08-18",0.082,-961504.18967232
"2003-09-02",0.026,296035.64109504
"2003-09-15",0.02,704613.75731712
"2003-10-06",0.0825,415917.8428608
"2003-12-01",0.015,1037348.03160576
"2004-01-05",0.011,951717.88748736
"2004-02-02",0.01,545586.34681152
"2004-02-17",0.01,1042241.18269824
"2004-03-15",0.01,802476.77916672
"2004-05-03",0.055,237317.82798528
"2004-05-17",0.04,359646.60529728
"2004-06-07",0.009,178600.01487552
"2004-06-21",0.017,107649.32403456
"2004-07-12",0.039,227531.52580032
"2004-07-26",0.031,58717.81310976
"2004-08-09",0.19,-264230.15899392
"2004-08-23",0.3,-269123.3100864
"2004-09-13",0.117,-760884.99488064
"2004-10-04",0.346,-567605.52672768
"2004-10-18",0.455,-3914.520873984
"2004-12-20",0.03,949271.31194112
"2005-01-03",0.023,900339.80101632
"2005-01-18",0.01,83183.56857216
"2005-05-16",0.013,785350.75034304
"2005-06-13",0.149,-188386.31706048
"2005-06-27",0.014,-203065.77033792
"2005-07-11",0.01,247104.13017024
"2005-07-25",0.016,1127871.32681664
"2005-08-22",0.043,919912.40538624
"2005-09-06",0.019,78290.41747968
"2005-09-20",0.01,721739.7861408
"2005-10-17",0.259,19083.289260672
"2005-11-01",0.649,2152.9864806912
"2006-02-06",0.797,-129668.50395072
"2006-05-08",0.0025,538246.6201728
"2006-06-05",0.012,305821.94328
"2006-06-19",0.023,296035.64109504
"2006-07-05",0.173,-39145.20873984
"2006-07-17",0.994,-39145.20873984
"2006-10-09",0.145,-900339.80101632
"2006-10-23",0.103,1810.4659042176
"2006-11-14",0.089,2691.233100864
"2006-11-27",0.048,-5382.466201728
"2006-12-04",0.053,-2250.8495025408
"2006-12-18",0.12,-239764.40353152
"2007-01-08",0.039,-604304.15992128
"2007-01-22",0.056,2055.1234588416
"2007-02-12",0.048,-1834.93165968
"2007-02-26",0.051,-1247.7535285824
"2007-03-12",0.071,-2324.246768928
"2007-03-26",0.083,-41591.78428608
"2007-04-23",0.044,58717.81310976
"2007-05-07",0.062,25444.385680896
"2007-07-09",0.121,-1228180.92421248
"2007-07-17",0.192,-489315.109248
"2007-07-23",0.15,-902786.37656256
"2007-07-31",0.126,-699720.60622464
"2007-08-06",0.114,-1330937.09715456
"2007-08-14",0.118,-1636759.04043456
"2007-08-20",0.098,-1450819.29892032
"2007-08-28",0.445,-1017775.42723584
"2007-09-04",0.187,-589624.70664384
"2007-09-10",0.156,-511334.28916416
"2007-09-18",0.0995,-1103405.57135424
"2007-09-24",0.206,-1617186.43606464
"2007-10-02",0.262,-2617835.8344768
"2007-10-08",0.222,-2312013.8911968
"2007-10-22",0.285,-2060016.60993408
"2007-11-13",0.053,-2037997.43001792
"2007-11-26",0.191,-85630.1441184
"2007-12-05",0.119,-19327.946815296
"2007-12-19",0.185,-271569.88563264
"2008-01-02",0.132,-39145.20873984
"2008-01-16",0.144,-26912.33100864
"2008-02-06",0.116,-15658.083495936
"2008-02-20",0.054,-1575594.65177856
"2008-03-05",0.04,-1480178.2054752
"2008-03-19",0.031,-1480178.2054752
"2008-04-02",0.048,-1384761.75917184
"2008-04-16",0.104,-1277112.43513728
"2008-05-28",0.157,-15168.768386688
"2008-06-25",0.096,-900339.80101632
"2008-07-16",0.183,-1127871.32681664
"2008-07-30",0.16,-1600060.40724096
"2008-08-13",0.064,-1294238.46396096
"2008-08-28",0.425,-2544438.5680896
"2008-09-10",0.611,-288695.91445632
"2008-10-08",0.07,-518674.01580288
"2008-10-22",0.006,462402.77823936
"2008-11-05",0.011,428150.720592
"2008-11-19",0.011,868534.3189152
"2008-12-03",0.012,800030.20362048
"2008-12-17",0.01,782904.1747968
"2009-01-07",0.019,807369.9302592
"2009-01-21",0.008,587178.1310976
"2009-02-04",0.007,650789.09529984
"2009-02-18",0.041,538246.6201728
"2009-03-11",0.014,374326.05857472
"2009-03-25",0.026,14679.45327744
"2009-04-08",0.014,127221.92840448
"2009-04-22",0.033,-276463.03672512
"2009-05-06",0.065,6850.411529472
"2009-05-20",0.069,-31805.48210112
"2009-06-03",0.398,-239764.40353152
"2009-06-17",0.1,-1411674.09018048
"2009-07-08",0.1615,-601857.58437504
"2009-07-22",0.06,234871.25243904
"2009-08-12",0.038,171260.2882368
"2009-08-26",0.089,587178.1310976
"2009-09-09",0.033,325394.54764992
"2009-09-23",0.021,599411.0088288
"2009-10-14",0.049,523567.16689536
"2009-10-28",0.044,719293.21059456
"2009-11-04",0.029,719293.21059456
"2009-11-18",0.011,746205.5416032
"2009-12-09",0.025,433043.87168448
"2009-12-23",0.019,264230.15899392
"2010-01-13",0.024,185939.74151424
"2010-01-27",0.016,249550.70571648
"2010-02-10",0.019,161473.98605184
"2010-02-24",0.018,477082.2315168
"2010-03-03",0.028,685041.1529472
"2010-03-17",0.419,58717.81310976
"2010-04-07",0.035,839175.41236032
"2010-04-21",0.019,993309.67177344
"2010-05-12",0.023,1003095.9739584
"2010-05-26",0.017,961504.18967232
"2010-06-16",0.031,797583.62807424
"2010-06-30",0.021,719293.21059456
"2010-07-14",0.051,704613.75731712
"2010-07-28",0.013,702167.18177088
"2010-08-04",0.037,521120.59134912
"2010-08-18",0.021,550479.497904
"2010-09-15",0.068,420810.99395328
"2010-09-29",0.292,-305821.94328
"2010-10-13",0.043,570052.10227392
"2010-10-27",0.058,401238.38958336
"2010-11-03",0.104,31805.48210112
"2010-11-17",0.025,557819.22454272
"2010-12-01",0.014,557819.22454272
"2010-12-13",0.048,724186.36168704
"2011-01-05",0.016,349860.30311232
"2011-01-20",0.013,288695.91445632
"2011-02-03",0.01,342520.5764736
"2011-02-17",0.022,384112.36075968
"2011-03-02",0.032,286249.33891008
"2011-03-16",0.014,320501.39655744
"2011-04-06",0.022,100309.59739584
"2011-04-20",0.048,203065.77033792
"2011-05-04",0.017,215298.64806912
"2011-05-18",0.028,97863.0218496
"2011-06-08",0.04,70950.69084096
"2011-06-22",0.052,56271.23756352
"2011-07-06",0.583,-132115.07949696
"2011-07-20",0.106,-318054.8210112
"2011-08-10",0.279,-195726.0436992
"2011-08-24",0.405,-707060.33286336
"2011-09-07",0.259,-403684.9651296
"2011-09-21",0.262,-212852.07252288
"2011-10-05",0.258,-107649.32403456
"2011-10-19",0.652,-349860.30311232
"2011-11-02",0.265,-716846.63504832
"2011-11-16",0.074,-53824.66201728
"2011-12-07",0.01,406131.54067584
"2011-12-21",0.011,560265.80008896
"2012-01-04",0.013,653235.67084608
"2012-01-18",0.008,623876.7642912
"2012-02-08",0.014,-88076.71966464
"2012-02-22",0.03,472189.08042432
"2012-03-07",0.014,393898.66294464
"2012-03-21",0.02,163920.56159808
"2012-04-04",0.018,68504.11529472
"2012-04-18",0.02,146794.5327744
"2012-05-02",0.088,-95416.44630336
"2012-05-16",0.094,-1289345.31286848
"2012-06-06",0.066,-1401887.78799552
"2012-06-20",0.055,-973737.06740352
"2012-07-11",0.079,-758438.4193344
"2012-07-25",0.085,-961504.18967232
"2012-08-08",0.081,-1235520.6508512
"2012-08-22",0.1,-1267326.13295232
"2012-09-05",0.282,-2334033.07111296
"2012-09-20",0.738,-154134.25941312
"2012-10-03",0.015,330287.6987424
"2012-10-17",0.008,567605.52672768
"2012-11-14",0.011,535800.04462656
"2012-11-28",0.011,638556.21756864
"2012-12-05",0.016,1034901.45605952
"2012-12-19",0.032,714400.05950208
"2013-01-09",0.011,932145.28311744
"2013-01-23",0.017,959057.61412608
"2013-02-06",0.008,939485.00975616
"2013-02-21",0.017,900339.80101632
"2013-03-06",0.014,973737.06740352
"2013-03-20",0.016,616537.03765248
"2013-04-03",0.013,665468.54857728
"2013-04-17",0.023,741312.39051072
"2013-05-08",0.015,643449.36866112
"2013-05-22",0.388,-237317.82798528
"2013-06-05",0.397,-190832.89260672
"2013-06-19",0.201,-166367.13714432
"2013-07-10",0.713,-41591.78428608
"2013-07-24",0.275,-44038.35983232
"2013-08-07",0.033,1049580.90933696
"2013-08-21",0.034,1262432.98185984
"2013-09-04",0.025,1171909.68664896
"2013-09-18",0.029,352306.87865856
"2013-10-07",0.015,817156.23244416
"2013-10-21",0.018,1122978.17572416
"2013-11-04",0.009,1010435.70059712
"2013-11-18",0.017,978630.218496
"2013-12-02",0.014,917465.82984
"2013-12-16",0.014,814709.65689792
"2014-01-06",0.011,738865.81496448
"2014-01-21",0.008,680148.00185472
"2014-02-03",0.013,508887.71361792
"2014-02-17",0.017,587178.1310976
"2014-03-03",0.024,702167.18177088
"2014-03-17",0.011,457509.62714688
"2014-04-07",0.032,530906.89353408
"2014-04-21",0.017,528460.31798784
"2014-05-05",0.034,-856301.441184
"2014-05-19",0.027,-797583.62807424
"2014-06-09",0.026,-1005542.54950464
"2014-06-23",0.245,-1225734.34866624
"2014-07-07",0.15,-1274665.85959104
"2014-07-21",0.022,266676.73454016
"2014-08-04",0.02,533353.46908032
"2014-08-18",0.007,846515.13899904
"2014-09-08",0.021,677701.42630848
"2014-09-22",0.039,3669.86331936
"2014-10-06",0.041,122328.777312
"2014-10-20",0.013,650789.09529984
"2014-11-03",0.013,242210.97907776
"2014-11-17",0.018,479528.80706304
"2014-12-01",0.01,415917.8428608
"2014-12-15",0.02,572498.67782016
"2015-01-05",0.019,839175.41236032
"2015-01-20",0.013,944378.16084864
"2015-02-16",0.009,905232.9521088
"2015-03-02",0.019,543139.77126528
"2015-03-16",0.031,787797.32588928
"2015-04-06",0.02,660575.3974848
"2015-04-20",0.023,552926.07345024
"2015-05-04",0.024,533353.46908032
"2015-05-18",0.042,494208.26034048
"2015-06-01",0.081,178600.01487552
"2015-06-15",0.053,-63610.96420224
"2015-07-06",0.106,-675254.85076224
"2015-07-20",0.104,-371879.48302848
"2015-08-03",0.081,-486868.53370176
"2015-08-17",0.063,-26912.33100864
"2015-08-31",1.346,-114989.05067328
"2015-09-14",0.017,464849.3537856
"2015-09-28",0.076,491761.68479424
"2015-10-12",0.034,900339.80101632
"2015-10-26",0.023,577391.82891264
"2015-11-09",0.029,521120.59134912
"2015-11-23",0.008,582284.98000512
"2015-12-07",0.026,435490.44723072
"2015-12-21",0.02,359646.60529728
"2016-01-04",0.017,540693.19571904
"2016-01-20",0.013,606750.73546752
"2016-02-01",0.898,7829.041747968
"2016-02-15",0.031,110095.8995808
"2016-02-29",0.035,39145.20873984
"2016-03-14",0.02,484421.95815552
"2016-03-28",0.016,496654.83588672
"2016-04-11",0.033,499101.41143296
"2016-04-25",0.016,503994.56252544
"2016-05-09",0.022,687487.72849344
"2016-05-23",0.014,540693.19571904
"2016-06-06",0.068,552926.07345024
"2016-06-20",0.023,572498.67782016
"2016-07-06",0.022,971290.49185728
"2016-07-18",0.1,890553.49883136
"2016-08-01",0.05,856301.441184
"2016-08-15",0.057,310715.09437248
"2016-08-29",0.364,6361.096420224
"2016-09-12",0.075,594517.85773632
"2016-09-26",0.09,354753.4542048
"2016-10-10",0.68,-9884.1652068096
"2016-10-24",0.099,418364.41840704
"2016-11-07",0.074,672808.275216
"2016-11-21",0.063,596964.43328256
"2016-12-05",0.02,315608.24546496
"2016-12-19",0.05,878320.62110016
"2017-01-04",0.059,844068.5634528
"2017-01-17",0.011,660575.3974848
"2017-01-30",0.066,125509.325522112
"2017-02-13",0.01,550479.497904
"2017-02-27",0.077,469742.50487808
"2017-03-14",0.016,235115.909993664
"2017-03-27",0.021,440383.5983232
"2017-04-10",0.038,-27890.961227136
"2017-04-24",0.103,-269123.3100864
"2017-05-08",0.044,-63366.306647616
"2017-05-22",0.093,-259337.00790144
"2017-06-05",0.098,-993309.67177344
"2017-06-19",0.33,-853854.86563776
"2017-07-05",0.176,-1252646.67967488
"2017-07-17",0.13,-692380.87958592
"2017-08-01",0.218,-601857.58437504
"2017-08-14",0.018,92480.555647872
"2017-08-28",0.201,-376772.63412096
"2017-09-13",0.094,-3205013.9655744
"2017-09-25",0.223,-58473.155555136
"2017-10-09",0.39,-623876.7642912
"2017-10-23",0.077,65078.909529984
"2018-04-09",0.034,606750.73546752
"2018-05-07",0.074,288695.91445632
"2018-06-04",0.078,-1825145.35749504
"2018-06-18",0.124,-111563.844908544
"2018-07-02",0.027,-2250.8495025408
"2018-07-16",0.287,4991.0141143296
"2018-07-30",0.082,-3987.9181403712
"2018-08-27",0.25,-10055.4254950464
"2018-09-10",1.802,-24245.5636632384
"2018-09-24",0.952,3694.3290748224
"2018-10-08",0.114,-513.7808647104
"2018-10-22",0.022,379219.2096672
"2018-11-05",0.161,347413.72756608
"2018-11-19",0.046,481975.38260928
"2018-12-03",0.029,503994.56252544
"2018-12-17",0.072,391452.0873984
"2019-01-02",0.129,322947.97210368
"2019-01-14",0.092,196460.016363072
"2019-01-28",0.231,-1191482.29101888
"2019-02-11",0.066,132849.052160832
"2019-02-25",0.09,80981.650580544
"2019-03-11",0.04,251997.28126272
"2019-03-25",0.172,-76333.157042688
"2019-04-08",0.099,-254443.85680896
"2019-04-22",0.19,-4991.0141143296
"2019-05-06",0.256,-23805.1800649152
"2019-05-20",0.475,-9394.8500975616
"2019-06-03",0.057,4208.1099395328
"2019-06-17",0.257,-114010.420454784
"2019-07-01",0.277,-116456.996001024
"2019-07-15",0.197,-103000.830496704
"2019-07-29",0.167,-80981.650580544
"2019-08-12",0.176,-247104.13017024
"2019-08-26",0.157,-433043.87168448
"2019-09-09",0.76,1247.7535285824
"2019-09-23",0.121,362093.18084352
"2019-10-07",0.029,398791.81403712
"2019-10-21",0.081,52601.37424416
"2019-11-04",0.044,222638.37470784
"2019-11-18",0.035,-40857.811622208
"2019-12-02",0.05,472189.08042432
"2019-12-16",0.334,-66546.854857728
"2020-01-13",0.016,-84896.171454528
"2020-01-27",0.065,72173.97861408
"2020-02-10",0.008,308268.51882624
"2020-02-24",0.012,316342.218128832
"2020-03-09",0.011,231446.046674304
"2020-03-23",0.009,294396.435479059
"2020-04-06",0.013,256890.4323552
"2020-04-20",0.014,52601.37424416
"2020-05-04",0.013,46484.93537856
"2020-05-18",0.044,-47218.908042432
"2020-06-01",0.051,-10275.617294208
"2020-06-15",0.211,-159761.383169472
"2020-06-29",0.016,251997.28126272
"2020-07-13",0.185,-220191.7991616
"2020-09-08",0.415,-1030008.30496704
"2020-09-21",0.017,-626323.33983744
"2020-10-05",0.459,-102022.200278208
"2021-01-06",0.072,-9370.3843420992
"2021-03-22",0.014,1056920.63597568
"2021-04-05",0.011,763331.57042688
"2021-04-19",0.009,34007.400092736
"2021-05-03",0.017,229244.128682688
"2021-05-17",0.402,162941.931379584
"2021-06-01",0.057,130891.79172384
"2021-06-14",0.019,221170.429380096
"2021-06-28",0.021,48686.853370176
"2021-07-12",0.026,123552.06508512
"2021-07-26",0.139,-64834.25197536
"2021-08-09",0.231,-279521.25615792
"2021-08-23",0.027,112542.47512704
"2021-09-20",0.284,-663021.97303104
"2021-10-18",0.089,-303375.36773376
"2021-11-01",0.517,-43793.702277696
"2022-01-10",0.022,369432.90748224
"2022-01-24",0.008,100064.939841216
"2022-02-07",0.023,23462.6594884416
"2022-02-21",0.014,447723.32496192
"2022-03-07",0.014,606750.73546752
"2022-03-21",0.01,391452.0873984
"2022-04-04",0.024,3890.0551185216
"2022-04-18",0.038,37921.92096672
"2022-05-02",0.041,-15291.097164
"2022-05-16",0.007,413471.26731456
"2022-05-19",0.028,354753.4542048
"2022-05-23",0.068,125998.64063136
"2022-05-31",0.036,125998.64063136
"2022-06-13",0.047,-88076.71966464
"2022-06-15",0.018,167345.767362816
"2022-06-16",0.027,291142.49000256
"2022-06-27",0.046,141167.409018048
"2022-07-25",0.096,126487.955740608
"2022-08-08",0.041,266676.73454016
"2022-08-22",0.13,433043.87168448
"2022-09-06",0.113,310715.09437248
"2022-09-19",0.232,-430597.29613824
"2022-10-03",0.238,-1671011.09808192
"2022-10-17",0.184,-670361.69966976
"2022-10-31",0.333,-10422.4118269824
"2022-11-14",0.725,-293.5890655488
"2022-11-28",0.241,-33028.76987424
"2022-12-12",0.011,126243.298185984
"2022-12-27",0.026,-4110.2469176832
"2023-01-09",0.137,14826.2478102144
"2023-01-23",0.012,303375.36773376
"2023-02-06",0.019,46484.93537856
"2023-02-20",0.007,680148.00185472
"2023-03-06",0.005,1135211.05345536
"2023-03-20",0.011,885660.34773888
"2023-04-03",0.034,621430.18874496
"2023-04-17",0.011,69238.087958592
